title,price,rating,reviews,availability
Nokia G10 | Android 11 | Unlocked Smartphone | 3-Day Battery | Dual SIM | US Version | 3/32GB | 6.52-Inch Screen | 13MP Triple Camera | Dusk,,3.6 out of 5 stars,281 ratings,In Stock.
Moto G Power | 2021 | 3-Day battery | Unlocked | Made for US by Motorola | 4/64GB | 48MP Camera | Polar Silver,,4.4 out of 5 stars,556 ratings,In Stock.
Moto G Stylus 5G | 2021 | 2-Day battery | Unlocked | Made for US by Motorola | 6/256GB | 48MP Camera | Cosmic Emerald,,4.4 out of 5 stars,"1,681 ratings",Not Available
Moto G stylus | 2021 | 2-Day battery | Unlocked | Made for US by Motorola | 4/128GB | 48MP Camera | Black,,4.4 out of 5 stars,"2,125 ratings",In Stock.
Google Pixel 7-5G Android Phone - Unlocked Smartphone with Wide Angle Lens and 24-Hour Battery - 128GB - Snow,,4.2 out of 5 stars,123 ratings,Not Available
"Tracfone Alcatel TCL A3, 32GB, Black - Prepaid Smartphone (Locked)",,4.0 out of 5 stars,953 ratings,In Stock.
"OnePlus Nord N200 | 5G Unlocked Android Smartphone U.S Version | 6.49"" Full HD+LCD Screen | 90Hz Smooth Display | Large 5000mAh Battery | Fast Charging | 64GB Storage | Triple Camera,Blue Quantum",,4.1 out of 5 stars,"1,714 ratings",In Stock.
"UMIDIGI RuggedÂ Unlocked Cell Phones, Bison 2 PRO 8G+256GB, Rugged Smartphone with IP68 & IP69K, 6150mAh Mobile Phone, Android 12, NFC, 6.5"" FHD, 48MP AI Triple Camera, Dual 4G, 18W, Type-C, GPS",,4.0 out of 5 stars,107 ratings,Not Available
"TCL 10L, Unlocked Android Smartphone, 256GB+6GB RAM Android Phone,6.53"" FHD Cell Phone, 48MP Quad Rear Camera System, 4000mAh Verizon Phone Mobile Phone Large Storage, Arctic White",,4.2 out of 5 stars,"4,912 ratings",Not Available
"SAMSUNG Galaxy A13 LTE Cell Phone, Factory Unlocked Android Smartphone, 32GB, Multi Lens Camera, Infinity-V HD+ Display Screen, Long Battery Life, Expandable Storage, US Version, Black",,4.1 out of 5 stars,200 ratings,In Stock.
Moto G stylus | 2021 | 2-Day battery | Unlocked | Made for US by Motorola | 4/128GB | 48MP Camera | Black,,4.4 out of 5 stars,"2,125 ratings",In Stock.
"Tracfone Motorola moto g Pure (2021), 32GB, Blue - Prepaid Smartphone (Locked)",,4.3 out of 5 stars,"1,537 ratings",In Stock.
"Xiaomi Redmi 9A - Smartphone 2 GB + 32 GB, Dual Sim, Grigio (Granite Grey)",,4.6 out of 5 stars,"3,738 ratings",Not Available
"TCL 20 SE 6.82"" Unlocked Cellphone, 4GB RAM + 128GB ROM, US Version Android Smartphone 48MP AI Quad-Camera, 5000mAh Mobile Phone, Dual Speaker, OTG Reverse Charging, Android 11, Aurora Green",,4.2 out of 5 stars,"3,217 ratings",Not Available
"SAMSUNG Galaxy S22 Ultra Cell Phone, Factory Unlocked Android smartphone, 256GB, 8K Camera & Video, Brightest Display Screen, S Pen, Long Battery Life, Fast 4nm Processor, US Version, Phantom Black",,4.6 out of 5 stars,"1,088 ratings",In Stock.
"Google Pixel 7 Pro - 5G Android Phone - Unlocked Smartphone with Telephoto Lens, Wide Angle Lens, and 24-Hour Battery - 128GB - Obsidian",,4.2 out of 5 stars,153 ratings,Not Available
OnePlus 10 Pro | 5G Android Smartphone | 8GB+128GB | U.S. Unlocked | Triple Camera co-Developed with Hasselblad | Volcanic Black,,4.1 out of 5 stars,301 ratings,In Stock.
Nokia 225 | GSM Unlocked Mobile Phone | 4G | Black,,3.6 out of 5 stars,"2,290 ratings",In Stock.
"SAMSUNG Galaxy S22 Ultra Cell Phone, Factory Unlocked Android Smartphone, 256GB, 8K Camera & Video, Brightest Display Screen, S Pen, Long Battery Life, Fast 4nm Processor, US Version, Burgundy",,4.6 out of 5 stars,376 ratings,In Stock.
"OnePlus Nord N200 | 5G Unlocked Android Smartphone U.S Version | 6.49"" Full HD+LCD Screen | 90Hz Smooth Display | Large 5000mAh Battery | Fast Charging | 64GB Storage | Triple Camera,Blue Quantum",,4.1 out of 5 stars,"1,714 ratings",In Stock.
Moto G Stylus | 2022 | 2-Day battery | Unlocked| Made for US by Motorola | 6/128GB | 50MP Camera | Twilight Blue,,4.3 out of 5 stars,625 ratings,Not Available
"SAMSUNG Galaxy A13 LTE Cell Phone, Factory Unlocked Android Smartphone, 32GB, Multi Lens Camera, Infinity-V HD+ Display Screen, Long Battery Life, Expandable Storage, US Version, Black",,4.1 out of 5 stars,200 ratings,In Stock.
"Xiaomi Redmi 9A - Smartphone 2 GB + 32 GB, Dual Sim, Grigio (Granite Grey)",,4.6 out of 5 stars,"3,738 ratings",Not Available
OnePlus Ace Pro 10T 5G Dual 256GB 12GB RAM Factory Unlocked (GSM Only | No CDMA - not Compatible with Verizon/Sprint) China Version w/Google Play - Green,,5.0 out of 5 stars,1 rating,
"OnePlus Nord N200 | 5G Unlocked Android Smartphone U.S Version | 6.49"" Full HD+LCD Screen | 90Hz Smooth Display | Large 5000mAh Battery | Fast Charging | 64GB Storage | Triple Camera,Blue Quantum",,4.1 out of 5 stars,"1,714 ratings",In Stock.
"UMIDIGI Cell Phone G1, Android12 Unlocked Cell Phone, Dual Sim 4G LTE Mobile Phone, 2+32GB 256G Expandable, 6.52"" HD+, 5150mAh, GSM Unlocked",,3.8 out of 5 stars,293 ratings,Not Available
"SAMSUNG Galaxy A03 Core (SM-A032/DS) Dual SIM 32GB/ 2GB RAM, GSM Unlocked International Version - No Warranty - Black",,3.8 out of 5 stars,"1,119 ratings",Not Available
"Samsung Galaxy A12 (A127F) 128GB Dual SIM, GSM Unlocked, (CDMA Verizon/Sprint Not Supported) Smartphone International Version (Fast Car Charger Bundle) No Warranty (Blue)",,4.1 out of 5 stars,925 ratings,Not Available
"TCL 30 SE |2022| 6.52'' Unlocked Cell Phone, 4+64GB Android Phone GSM Unlocked Smartphone with 50MP Camera, 5000mAh, Single SIM, US Version, Atlantic Blue(Not Support Verizon/Boost/Sprint/5G/NFC)",,4.1 out of 5 stars,854 ratings,Not Available
"Simple Mobile TCL 30 T, 64GB, Black - Prepaid Smartphone (Locked)",,Previous page of related Sponsored Products,,Only 1 left in stock (more on the way).
OnePlus 10 Pro | 5G Android Smartphone | 8GB+128GB | U.S. Unlocked | Triple Camera co-Developed with Hasselblad | Emerald Forest,,4.1 out of 5 stars,301 ratings,In Stock.
"SAMSUNG Galaxy S21 FE 5G Cell Phone, Factory Unlocked Android Smartphone, 128GB, 120Hz Display Screen, Pro Grade Camera, All Day Intelligent Battery, US Version, Graphite",,4.5 out of 5 stars,"13,339 ratings",In Stock.
"TracFone TCL 30 Z, 32GB, Black - Prepaid Smartphone (Locked)",,3.4 out of 5 stars,22 ratings,In Stock.
"Tracfone Alcatel TCL A3, 32GB, Black - Prepaid Smartphone (Locked)",,4.0 out of 5 stars,953 ratings,In Stock.
"HiBoost Cell Phone Booster for Home - Boosts 4G LTE & 5G Signal up to 4000 sq ft for all US Carriers-Verizon, AT&T, T-Mobile, Powerful Touchscreen Monitor & APP Support, Built-in Antenna, FCC Approved",,5.0 out of 5 stars,9 ratings,Not Available
